
SET statement_timeout = 0;
SET lock_timeout = 0;
SET idle_in_transaction_session_timeout = 0;
SET client_encoding = 'UTF8';
SET standard_conforming_strings = on;
SELECT pg_catalog.set_config('search_path', '', false);
SET check_function_bodies = false;
SET xmloption = content;
SET client_min_messages = warning;
SET row_security = off;
SET default_tablespace = '';
SET default_table_access_method = heap;



CREATE TABLE public."Bookings" (
                                   "Id_booking" integer NOT NULL,
                                   "Id_client" integer NOT NULL,
                                   "Id_workPlace" integer NOT NULL,
                                   "Id_tariff" integer,
                                   "StartDate" timestamp with time zone NOT NULL,
                                   "EndDate" timestamp with time zone NOT NULL,
                                   "Status" character varying(30) NOT NULL,
                                   "LastPrice" numeric(18,2) NOT NULL,
                                   "ServicesJson" character varying(2000)
);
ALTER TABLE public."Bookings" OWNER TO postgres;

ALTER TABLE public."Bookings" ALTER COLUMN "Id_booking" ADD GENERATED BY DEFAULT AS IDENTITY (
    SEQUENCE NAME public."Bookings_Id_booking_seq"
    START WITH 1 INCREMENT BY 1 NO MINVALUE NO MAXVALUE CACHE 1
);

CREATE TABLE public."Clients" (
                                  "Id" integer NOT NULL,
                                  "Name" character varying(100) NOT NULL,
                                  "Surname" character varying(100) NOT NULL,
                                  "Phone" character varying(20) NOT NULL,
                                  "Email" character varying(255) NOT NULL
);
ALTER TABLE public."Clients" OWNER TO postgres;

ALTER TABLE public."Clients" ALTER COLUMN "Id" ADD GENERATED BY DEFAULT AS IDENTITY (
    SEQUENCE NAME public."Clients_Id_seq"
    START WITH 1 INCREMENT BY 1 NO MINVALUE NO MAXVALUE CACHE 1
);

CREATE TABLE public."Payments" (
                                   "Id_payment" integer NOT NULL,
                                   "Id_booking" integer,
                                   "Price" numeric(18,2) NOT NULL,
                                   "Status" character varying(20) NOT NULL,
                                   "PaymentDate" timestamp with time zone NOT NULL,
                                   "Id_client" integer,
                                   "IsSubscription" boolean DEFAULT false NOT NULL,
                                   "SubscriptionEnd" timestamp with time zone,
                                   "SubscriptionStart" timestamp with time zone
);
ALTER TABLE public."Payments" OWNER TO postgres;

ALTER TABLE public."Payments" ALTER COLUMN "Id_payment" ADD GENERATED BY DEFAULT AS IDENTITY (
    SEQUENCE NAME public."Payments_Id_payment_seq"
    START WITH 1 INCREMENT BY 1 NO MINVALUE NO MAXVALUE CACHE 1
);

CREATE TABLE public."Tariffs" (
                                  "Id_tariff" integer NOT NULL,
                                  "Name" character varying(100) NOT NULL,
                                  "Price" numeric(18,2) NOT NULL,
                                  "Info" character varying(500) NOT NULL,
                                  "DurationHours" integer,
                                  "ValidDays" integer,
                                  "AvailableQuantity" integer,
                                  "IsService" boolean DEFAULT false NOT NULL,
                                  "PricingType" character varying(20)
);
ALTER TABLE public."Tariffs" OWNER TO postgres;

ALTER TABLE public."Tariffs" ALTER COLUMN "Id_tariff" ADD GENERATED BY DEFAULT AS IDENTITY (
    SEQUENCE NAME public."Tariffs_Id_tariff_seq"
    START WITH 1 INCREMENT BY 1 NO MINVALUE NO MAXVALUE CACHE 1
);

CREATE TABLE public."Users" (
                                "Id_user" integer NOT NULL,
                                "Login" character varying(100) NOT NULL,
                                "Password" text NOT NULL,
                                "Role" character varying(30) NOT NULL,
                                "Id_client" integer
);
ALTER TABLE public."Users" OWNER TO postgres;

ALTER TABLE public."Users" ALTER COLUMN "Id_user" ADD GENERATED BY DEFAULT AS IDENTITY (
    SEQUENCE NAME public."Users_Id_user_seq"
    START WITH 1 INCREMENT BY 1 NO MINVALUE NO MAXVALUE CACHE 1
);

CREATE TABLE public."WorkPlaces" (
                                     "Id_workplace" integer NOT NULL,
                                     "Name" character varying(255) NOT NULL,
                                     "Description" character varying(500) NOT NULL,
                                     "Status" character varying(20) NOT NULL,
                                     "Capacity" integer,
                                     "Type" character varying(100),
                                     "PricePerHour" numeric(18,2) DEFAULT 0.0 NOT NULL,
                                     "PhotoUrl" character varying(500)
);
ALTER TABLE public."WorkPlaces" OWNER TO postgres;

ALTER TABLE public."WorkPlaces" ALTER COLUMN "Id_workplace" ADD GENERATED BY DEFAULT AS IDENTITY (
    SEQUENCE NAME public."WorkPlaces_Id_workplace_seq"
    START WITH 1 INCREMENT BY 1 NO MINVALUE NO MAXVALUE CACHE 1
);

CREATE TABLE public."__EFMigrationsHistory" (
                                                "MigrationId" character varying(150) NOT NULL,
                                                "ProductVersion" character varying(32) NOT NULL
);
ALTER TABLE public."__EFMigrationsHistory" OWNER TO postgres;



COPY public."Clients" ("Id", "Name", "Surname", "Phone", "Email") FROM stdin;
1	Григорий	Кокиев	89763674878	A@gmail.com
2	умар	шабазов	89766789876	m@gmail.com
3	string	string	string	string
4	Саня	Люфи	87654567645	S@gmail.com
5	ярик	киска	89567896576	i@gmail.com
6	xz	xz	+7 8949494949	xz@gmail.cpm
9	sos	sos	+77575788756	v@gmail.com
10	l	l	+76758756758	l@gmail.com
11	с	с	+75555555555	c@gmail.com
12	C	C	+78888888888	C@gmail.com
13	iuyrwgiuahsg	uaghiuahg	+75425425252	asgdadsgag@gmail.com
\.

COPY public."Users" ("Id_user", "Login", "Password", "Role", "Id_client") FROM stdin;
1	zxcvbnm	$2a$12$HXkRLi1mMIVmidhYbKne9ekWMc4XD2/h2IyHq6XD6NkzJp67vYVGi	SuperAdmin	1
4	qwertyuiop	$2a$12$t9XqkZQqCzdmoVuKTJ7MqO4A5oqWuefQf7QhKlVW2gjb29.rpLsGa	Cashier	4
2	qwert	$2a$12$2q2TI59TJ.B1m4XjdeoXDuXJI8nS2uEjMqKZReA9TosjUENevE2iG	Employee	2
6	xz	$2a$12$uPQM.Uo5fQJWdB0HZ3VW0.CZ67VBY7a0hz2DEUcTRUO9Rjvti.LzK	Client	6
8	lo	$2a$12$aS/TVQjqqkZkhpKKBAckV.nm25gXDsIIW7YVkEZc9ygO8/13N5dZO	Client	\N
9	sos	$2a$12$QXetTYhkGNCPkMGyo4REn.8ogYAO1m2ugGWRAnd6a8iVxq8dkjzRi	Client	9
10	l	$2a$12$rfcqMh32o60hfvyU8fIkaO5bSY7.KM/rWCDiO2FA2I/HQV/iYelsW	Client	10
11	с	$2a$12$320n/NBh2ryDRjYFedPYp.a.XA17UoeKX4Mdgi8cxxNbRd97/sRgu	Client	11
12	C	$2a$12$Jl3YSlw3deKIcKgJqiINkeRuyWYLCiu1jDYugbkKEGsbwnlyjMfca	Client	12
13	aiugoiaudh	$2a$12$ziBt2GO1Rst/7ah0BeBuq.gYovpK4Y9xGowOSe2amBIgOcGxhJRyq	Client	13
7	lol	$2a$12$fjnk6XbRgbWdtwgxMT5RweLVZKq8Te/lxSUbcqMvcdgIB1I2n2qkq	Cashier	\N
5	qazxsw	$2a$12$hjndzJtjtR9hG9yDzDR1IObhW.J3n3Srj98TkDPC87iP8b.aEifBq	Administrator	5
3	string	$2a$12$5LUbU3h6NM6RLGwR1Jl0ee2kYyiQtEpmHvkcotyUooA36qxqDiuAu	Employee	3
\.

COPY public."Tariffs" ("Id_tariff", "Name", "Price", "Info", "DurationHours", "ValidDays", "AvailableQuantity", "IsService", "PricingType") FROM stdin;
2	комната	700.00	отдельная комната	1	\N	\N	f	\N
3	переговорная	800.00	пространство с вместимостью до 10 человек	1	\N	\N	f	\N
1	рабочее место	500.00	рабочее место для одного человека	1	\N	\N	f	\N
4	компьютер	550.00	рабочее место с компьютером	1	\N	\N	f	\N
5	Печать	150.00		\N	\N	1	t	Flat
6	Ноутбук	200.00		\N	\N	1	t	Flat
\.

COPY public."WorkPlaces" ("Id_workplace", "Name", "Description", "Status", "Capacity", "Type", "PricePerHour", "PhotoUrl") FROM stdin;
4	Комната A	отдельная комната	free	1	Room	600.00	/uploads/workplaces/b7d8a232-83e5-4cff-af73-263c75c92cde.webp
9	Переговорная	комната с круглым столом с вместимостью до 10 человек	free	1	MeetingRoom	700.00 /uploads/workplaces/674637b4-296b-4dc2-a86b-e9a5b2ead147.webp
5	Комната В	отдельная комната	free	1	Room	600.00	/uploads/workplaces/adbe141d-373b-45ef-a156-a548b800bf9e.jpeg
8	Открытое пространство	одно рабочее место	free	30	OpenSpace	400.00	/uploads/workplaces/d47f65c5-3e64-4517-b7c5-391ed2371b54.jpeg
6	Комната C	отдельная комната	free	1	Room	600.00	/uploads/workplaces/4ea78707-9039-435f-ba09-b020ffce36bd.png
10	223	111	free	10	Room	10.00	/uploads/workplaces/6cfddaa6-77c1-45e3-a78c-a8836254b583.jpg
\.

COPY public."Bookings" ("Id_booking", "Id_client", "Id_workPlace", "Id_tariff", "StartDate", "EndDate", "Status", "LastPrice", "ServicesJson") FROM stdin;
5	3	4	\N	2026-05-20 10:00:00+03	2026-05-20 11:00:00+03	Completed	600.00	\N
9	1	4	\N	2026-05-20 01:31:00+03	2026-05-20 02:31:00+03	Completed	600.00	\N
13	6	4	\N	2026-05-20 10:00:00+03	2026-05-20 11:00:00+03	Completed	600.00	\N
16	6	8	\N	2026-05-20 15:00:00+03	2026-05-20 17:00:00+03	Completed	800.00	\N
17	1	4	\N	2026-05-20 15:00:00+03	2026-05-20 17:00:00+03	Completed	1350.00	[{"id_service":5,"name":"\u041F\u0435\u0447\u0430\u0442\u044C","quantity":1,"price":150.00}]
18	3	4	\N	2026-05-20 17:00:00+03	2026-05-20 18:00:00+03	Completed	750.00	[{"id_service":5,"name":"\u041F\u0435\u0447\u0430\u0442\u044C","quantity":1,"price":150.00}]
19	3	8	\N	2026-05-20 17:00:00+03	2026-05-20 18:00:00+03	Completed	600.00	[{"id_service":6,"name":"\u041D\u043E\u0443\u0442\u0431\u0443\u043A","quantity":1,"price":200.00}]
20	3	8	\N	2026-05-20 18:00:00+03	2026-05-20 21:00:00+03	Completed	1200.00	\N
21	6	8	\N	2026-05-21 10:00:00+03	2026-05-21 11:00:00+03	Completed	550.00	[{"id_service":5,"name":"\u041F\u0435\u0447\u0430\u0442\u044C","quantity":1,"price":150.00}]
22	6	9	\N	2026-05-21 10:00:00+03	2026-05-21 11:00:00+03	Completed	700.00	\N
23	6	9	\N	2026-05-21 11:00:00+03	2026-05-21 13:00:00+03	Completed	1400.00	\N
24	9	8	\N	2026-05-21 10:00:00+03	2026-05-21 11:00:00+03	Completed	550.00	[{"id_service":5,"name":"\u041F\u0435\u0447\u0430\u0442\u044C","quantity":1,"price":150.00}]
25	5	5	\N	2026-05-21 10:00:00+03	2026-05-21 12:00:00+03	Completed	1350.00	[{"id_service":5,"name":"\u041F\u0435\u0447\u0430\u0442\u044C","quantity":1,"price":150.00}]
26	11	8	\N	2026-05-21 10:00:00+03	2026-05-21 11:00:00+03	Completed	550.00	[{"id_service":5,"name":"\u041F\u0435\u0447\u0430\u0442\u044C","quantity":1,"price":150.00}]
27	12	9	\N	2026-05-21 10:00:00+03	2026-05-21 11:00:00+03	Completed	700.00	\N
28	3	4	\N	2026-05-25 12:00:00+03	2026-05-25 13:00:00+03	Completed	750.00	[{"id_service":5,"name":"\u041F\u0435\u0447\u0430\u0442\u044C","quantity":1,"price":150.00}]
29	6	5	\N	2026-05-25 18:00:00+03	2026-05-25 21:00:00+03	Completed	0.00	\N
30	6	4	\N	2026-05-25 14:00:00+03	2026-05-25 21:00:00+03	Cancelled	200.00	[{"id_service":6,"name":"\u041D\u043E\u0443\u0442\u0431\u0443\u043A","quantity":1,"price":200.00}]
31	6	5	\N	2026-05-25 17:00:00+03	2026-05-25 18:00:00+03	Completed	0.00	\N
32	6	8	\N	2026-05-26 10:00:00+03	2026-05-26 11:00:00+03	Completed	150.00	[{"id_service":5,"name":"\u041F\u0435\u0447\u0430\u0442\u044C","quantity":1,"price":150.00}]
33	13	8	\N	2026-05-25 18:00:00+03	2026-05-25 21:00:00+03	Completed	1200.00	\N
34	13	6	\N	2026-05-25 18:00:00+03	2026-05-25 21:00:00+03	Completed	1800.00	\N
35	13	10	\N	2026-05-25 18:00:00+03	2026-05-25 21:00:00+03	Completed	30.00	\N
\.

COPY public."Payments" ("Id_payment", "Id_booking", "Price", "Status", "PaymentDate", "Id_client", "IsSubscription", "SubscriptionEnd", "SubscriptionStart") FROM stdin;
2	\N	5000.00	Paid	2026-05-20 00:38:44.09601+03	3	t	\N	\N
7	13	600.00	Paid	2026-05-20 07:13:57.774088+03	\N	f	\N	\N
9	16	800.00	Paid	2026-05-20 14:44:20.103606+03	\N	f	\N	\N
10	17	1350.00	Paid	2026-05-20 14:45:33.585409+03	\N	f	\N	\N
11	18	750.00	Paid	2026-05-20 14:46:06.218178+03	\N	f	\N	\N
12	19	600.00	Paid	2026-05-20 16:05:45.579133+03	\N	f	\N	\N
13	20	1200.00	Paid	2026-05-20 17:24:41.848385+03	\N	f	\N	\N
14	21	550.00	Paid	2026-05-20 23:40:57.456849+03	\N	f	\N	\N
15	22	700.00	Paid	2026-05-21 00:00:06.672213+03	\N	f	\N	\N
16	23	1400.00	Paid	2026-05-21 00:00:09.18744+03	\N	f	\N	\N
17	24	550.00	Paid	2026-05-21 05:07:06.1566+03	\N	f	\N	\N
18	25	1350.00	Paid	2026-05-21 05:14:07.588059+03	\N	f	\N	\N
19	26	550.00	Paid	2026-05-21 06:07:45.324975+03	\N	f	\N	\N
20	27	700.00	Paid	2026-05-21 09:41:49.579543+03	\N	f	\N	\N
21	28	750.00	Paid	2026-05-25 11:36:37.561933+03	\N	f	\N	\N
22	\N	5000.00	Paid	2026-05-25 12:42:45.466118+03	6	t	2026-06-25 12:42:45.465986+03	2026-05-25 12:42:45.465799+03
23	30	200.00	Paid	2026-05-25 13:05:02.670771+03	\N	f	\N	\N
24	32	150.00	Paid	2026-05-25 15:18:48.981198+03	\N	f	\N	\N
25	33	1200.00	Paid	2026-05-25 17:30:35.501779+03	\N	f	\N	\N
26	34	1800.00	Paid	2026-05-25 17:33:02.650888+03	\N	f	\N	\N
27	35	30.00	Paid	2026-05-25 17:34:11.28222+03	\N	f	\N	\N
\.

COPY public."__EFMigrationsHistory" ("MigrationId", "ProductVersion") FROM stdin;
20260518201650_InitialCreate	8.0.4
20260518203806_InitialCreate1	8.0.4
20260518205144_InitialCreate11	8.0.4
20260519061945_InitialCreate111	8.0.4
20260519213309_AddServicesAndSubscriptions	8.0.4
20260525112419_AddPhotoToWorkPlace	8.0.4
20260526144049_s	8.0.4
\.



SELECT pg_catalog.setval('public."Bookings_Id_booking_seq"', 35, true);
SELECT pg_catalog.setval('public."Clients_Id_seq"', 13, true);
SELECT pg_catalog.setval('public."Payments_Id_payment_seq"', 27, true);
SELECT pg_catalog.setval('public."Tariffs_Id_tariff_seq"', 6, true);
SELECT pg_catalog.setval('public."Users_Id_user_seq"', 13, true);
SELECT pg_catalog.setval('public."WorkPlaces_Id_workplace_seq"', 10, true);



ALTER TABLE ONLY public."Bookings"          ADD CONSTRAINT "PK_Bookings"             PRIMARY KEY ("Id_booking");
ALTER TABLE ONLY public."Clients"           ADD CONSTRAINT "PK_Clients"              PRIMARY KEY ("Id");
ALTER TABLE ONLY public."Payments"          ADD CONSTRAINT "PK_Payments"             PRIMARY KEY ("Id_payment");
ALTER TABLE ONLY public."Tariffs"           ADD CONSTRAINT "PK_Tariffs"              PRIMARY KEY ("Id_tariff");
ALTER TABLE ONLY public."Users"             ADD CONSTRAINT "PK_Users"                PRIMARY KEY ("Id_user");
ALTER TABLE ONLY public."WorkPlaces"        ADD CONSTRAINT "PK_WorkPlaces"           PRIMARY KEY ("Id_workplace");
ALTER TABLE ONLY public."__EFMigrationsHistory" ADD CONSTRAINT "PK___EFMigrationsHistory" PRIMARY KEY ("MigrationId");



CREATE INDEX "IX_Bookings_Id_client"    ON public."Bookings"  USING btree ("Id_client");
CREATE INDEX "IX_Bookings_Id_tariff"    ON public."Bookings"  USING btree ("Id_tariff");
CREATE INDEX "IX_Bookings_Id_workPlace" ON public."Bookings"  USING btree ("Id_workPlace");
CREATE UNIQUE INDEX "IX_Clients_Email"  ON public."Clients"   USING btree ("Email");
CREATE UNIQUE INDEX "IX_Clients_Phone"  ON public."Clients"   USING btree ("Phone");
CREATE INDEX "IX_Payments_Id_booking"   ON public."Payments"  USING btree ("Id_booking");
CREATE INDEX "IX_Payments_Id_client"    ON public."Payments"  USING btree ("Id_client");
CREATE UNIQUE INDEX "IX_Tariffs_Name"   ON public."Tariffs"   USING btree ("Name");
CREATE INDEX "IX_Users_Id_client"       ON public."Users"     USING btree ("Id_client");
CREATE UNIQUE INDEX "IX_Users_Login"    ON public."Users"     USING btree ("Login");
CREATE UNIQUE INDEX "IX_WorkPlaces_Name" ON public."WorkPlaces" USING btree ("Name");



ALTER TABLE ONLY public."Bookings" ADD CONSTRAINT "FK_Bookings_Clients_Id_client"     FOREIGN KEY ("Id_client")    REFERENCES public."Clients"("Id")    ON DELETE RESTRICT;
ALTER TABLE ONLY public."Bookings" ADD CONSTRAINT "FK_Bookings_Tariffs_Id_tariff"     FOREIGN KEY ("Id_tariff")    REFERENCES public."Tariffs"("Id_tariff") ON DELETE RESTRICT;
ALTER TABLE ONLY public."Bookings" ADD CONSTRAINT "FK_Bookings_WorkPlaces_Id_workPlace" FOREIGN KEY ("Id_workPlace") REFERENCES public."WorkPlaces"("Id_workplace") ON DELETE RESTRICT;
ALTER TABLE ONLY public."Payments" ADD CONSTRAINT "FK_Payments_Bookings_Id_booking"   FOREIGN KEY ("Id_booking")   REFERENCES public."Bookings"("Id_booking") ON DELETE RESTRICT;
ALTER TABLE ONLY public."Payments" ADD CONSTRAINT "FK_Payments_Clients_Id_client"     FOREIGN KEY ("Id_client")    REFERENCES public."Clients"("Id")    ON DELETE SET NULL;
ALTER TABLE ONLY public."Users"    ADD CONSTRAINT "FK_Users_Clients_Id_client"        FOREIGN KEY ("Id_client")    REFERENCES public."Clients"("Id")    ON DELETE SET NULL;